ID,ROI,Category,new_ID
1,1_V1_Occipital-Lobe,1,1
3,2_MST_Temporal-Lobe,1,2
5,3_V6_Occipital-Lobe,1,3
7,4_V2_Occipital-Lobe,1,4
9,5_V3_Occipital-Lobe,1,5
11,6_V4_Occipital-Lobe,1,6
13,7_V8_Occipital-Lobe,1,7
15,8_Area-4_Frontal-Lobe,1,8
17,9_Area-3b_Parietal-Lobe,1,9
19,10_FEF_Frontal-Lobe,1,10
21,11_PEF_Parietal-Lobe,1,11
23,12_Area-55b_Frontal-Lobe,1,12
25,13_V3A_Occipital-Lobe,1,13
27,14_RSC_Parietal-Lobe,1,14
29,15_POS2_Parieto-Occipital-Sulcus,1,15
31,16_V7_Occipital-Lobe,1,16
33,17_IPS1_Parietal-Lobe,1,17
35,18_FFC_Temporal-Lobe,1,18
37,19_V3B_Occipital-Lobe,1,19
39,20_LO1_Occipital-Lobe,1,20
41,21_LO2_Occipital-Lobe,1,21
43,22_PIT_Temporal-Lobe,1,22
45,23_MT_Temporal-Lobe,1,23
47,24_A1_Temporal-Lobe,1,24
49,25_PSL_Parietal-Lobe,1,25
51,26_SFL_Frontal-Lobe,1,26
53,27_PCV_Parietal-Lobe,1,27
55,28_STV_Temporal-Lobe,1,28
57,29_7Pm_Parietal-Lobe,1,29
59,30_7m_Parietal-Lobe,1,30
61,31_POS1_Parieto-Occipital-Sulcus,1,31
63,32_23d_Cingulate-Cortex,1,32
65,33_v23ab_Cingulate-Cortex,1,33
67,34_d23ab_Cingulate-Cortex,1,34
69,35_31pv_Cingulate-Cortex,1,35
71,36_5m_Parietal-Lobe,1,36
73,37_5mv_Parietal-Lobe,1,37
75,38_23c_Cingulate-Cortex,1,38
77,39_5L_Parietal-Lobe,1,39
79,40_24dd_Cingulate-Cortex,1,40
81,41_24dv_Cingulate-Cortex,1,41
83,42_7AL_Parietal-Lobe,1,42
85,43_SCEF_Frontal-Lobe,1,43
87,44_6ma_Frontal-Lobe,1,44
89,45_7Am_Parietal-Lobe,1,45
91,46_7PL_Parietal-Lobe,1,46
93,47_7PC_Parietal-Lobe,1,47
95,48_LIPv_Parietal-Lobe,1,48
97,49_VIP_Parietal-Lobe,1,49
99,50_MIP_Parietal-Lobe,1,50
101,51_Area-1_Parietal-Lobe,1,51
103,52_Area-2_Parietal-Lobe,1,52
105,53_Area-3a_Parietal-Lobe,1,53
107,54_6d_Frontal-Lobe,1,54
109,55_6mp_Frontal-Lobe,1,55
111,56_6v_Frontal-Lobe,1,56
113,57_p24pr_Cingulate-Cortex,1,57
115,58_33pr_Cingulate-Cortex,1,58
117,59_a24pr_Cingulate-Cortex,1,59
119,60_p32pr_Cingulate-Cortex,1,60
121,61_a24_Cingulate-Cortex,1,61
123,62_d32_Cingulate-Cortex,1,62
125,63_8BM_Frontal-Lobe,1,63
127,64_p32_Cingulate-Cortex,1,64
129,65_10r_Frontal-Lobe,1,65
131,66_47m_Frontal-Lobe,1,66
133,67_8Av_Frontal-Lobe,1,67
135,68_8Ad_Frontal-Lobe,1,68
137,69_9m_Frontal-Lobe,1,69
139,70_8BL_Frontal-Lobe,1,70
141,71_9p_Frontal-Lobe,1,71
143,72_10d_Frontal-Lobe,1,72
145,73_8C_Frontal-Lobe,1,73
147,74_44_Frontal-Lobe,1,74
149,75_45_Frontal-Lobe,1,75
151,76_47l_Frontal-Lobe,1,76
153,77_a47r_Frontal-Lobe,1,77
155,78_6r_Frontal-Lobe,1,78
157,79_IFJa_Frontal-Lobe,1,79
159,80_IFJp_Frontal-Lobe,1,80
161,81_IFSp_Frontal-Lobe,1,81
163,82_IFSa_Frontal-Lobe,1,82
165,83_p9-46v_Frontal-Lobe,1,83
167,84_46_Frontal-Lobe,1,84
169,85_a9-46v_Frontal-Lobe,1,85
171,86_9-46d_Frontal-Lobe,1,86
173,87_9a_Frontal-Lobe,1,87
175,88_10v_Frontal-Lobe,1,88
177,89_a10p_Frontal-Lobe,1,89
179,90_10pp_Frontal-Lobe,1,90
181,91_11l_Frontal-Lobe,1,91
183,92_13l_Frontal-Lobe,1,92
185,93_OFC_Frontal-Lobe,1,93
187,94_47s_Frontal-Lobe,1,94
189,95_LIPd_Parietal-Lobe,1,95
191,96_6a_Frontal-Lobe,1,96
193,97_i6-8_Frontal-Lobe,1,97
195,98_s6-8_Frontal-Lobe,1,98
197,99_43_Parietal-Lobe,1,99
199,100_OP4_Parietal-Lobe,1,100
201,101_OP1_Parietal-Lobe,1,101
203,102_OP2-3_Parietal-Lobe,1,102
205,103_52_Temporal-Lobe,1,103
207,104_RI_Insular-Cortex,1,104
209,105_PFcm_Parietal-Lobe,1,105
211,106_PoI2_Insular-Cortex,1,106
213,107_TA2_Temporal-Lobe,1,107
215,108_FOP4_Frontal-Lobe,1,108
217,109_MI_Insular-Cortex,1,109
219,110_Pir_Olfactory-Cortex,1,110
221,111_AVI_Insular-Cortex,1,111
223,112_AAIC_Insular-Cortex,1,112
225,113_FOP1_Frontal-Lobe,1,113
227,114_FOP3_Frontal-Lobe,1,114
229,115_FOP2_Frontal-Lobe,1,115
231,116_PFt_Parietal-Lobe,1,116
233,117_AIP_Parietal-Lobe,1,117
235,118_EC_Temporal-Lobe,1,118
237,119_PreS_Temporal-Lobe,1,119
239,120_H_Hippocampus,1,120
241,121_ProS_Temporal-Lobe,1,121
243,122_PeEc_Temporal-Lobe,1,122
245,123_STGa_Temporal-Lobe,1,123
247,124_PBelt_Temporal-Lobe,1,124
249,125_A5_Temporal-Lobe,1,125
251,126_PHA1_Temporal-Lobe,1,126
253,127_PHA3_Temporal-Lobe,1,127
255,128_STSda_Temporal-Lobe,1,128
257,129_STSdp_Temporal-Lobe,1,129
259,130_STSvp_Temporal-Lobe,1,130
261,131_TGd_Temporal-Lobe,1,131
263,132_TE1a_Temporal-Lobe,1,132
265,133_TE1p_Temporal-Lobe,1,133
267,134_TE2a_Temporal-Lobe,1,134
269,135_TF_Temporal-Lobe,1,135
271,136_TE2p_Temporal-Lobe,1,136
273,137_PHT_Temporal-Lobe,1,137
275,138_PH_Temporal-Lobe,1,138
277,139_TPOJ1_Temporal-Parietal-Junction,1,139
279,140_TPOJ2_Temporal-Parietal-Junction,1,140
281,141_TPOJ3_Temporal-Parietal-Junction,1,141
283,142_DVT_Temporal-Lobe,1,142
285,143_PGp_Parietal-Lobe,1,143
287,144_IP2_Parietal-Lobe,1,144
289,145_IP1_Parietal-Lobe,1,145
291,146_IP0_Parietal-Lobe,1,146
293,147_PFop_Parietal-Lobe,1,147
295,148_PF_Parietal-Lobe,1,148
297,149_PFm_Parietal-Lobe,1,149
299,150_PGi_Parietal-Lobe,1,150
301,151_PGs_Parietal-Lobe,1,151
303,152_V6A_Occipital-Lobe,1,152
305,153_VMV1_Occipital-Lobe,1,153
307,154_VMV3_Occipital-Lobe,1,154
309,155_PHA2_Temporal-Lobe,1,155
311,156_V4t_Occipital-Lobe,1,156
313,157_FST_Temporal-Lobe,1,157
315,158_V3CD_Occipital-Lobe,1,158
317,159_LO3_Occipital-Lobe,1,159
319,160_VMV2_Occipital-Lobe,1,160
321,161_31pd_Cingulate-Cortex,1,161
323,162_31a_Cingulate-Cortex,1,162
325,163_VVC_Temporal-Lobe,1,163
327,164_25_Cingulate-Cortex,1,164
329,165_s32_Cingulate-Cortex,1,165
331,166_pOFC_Frontal-Lobe,1,166
333,167_PoI1_Insular-Cortex,1,167
335,168_Ig_Insular-Cortex,1,168
337,169_FOP5_Frontal-Lobe,1,169
339,170_p10p_Frontal-Lobe,1,170
341,171_p47r_Frontal-Lobe,1,171
343,172_TGv_Temporal-Lobe,1,172
345,173_MBelt_Temporal-Lobe,1,173
347,174_LBelt_Temporal-Lobe,1,174
349,175_A4_Temporal-Lobe,1,175
351,176_STSva_Temporal-Lobe,1,176
353,177_TE1m_Temporal-Lobe,1,177
355,178_PI_Insular-Cortex,1,178
357,179_a32pr_Cingulate-Cortex,1,179
359,180_p24_Cingulate-Cortex,1,180
1,1_Cblm-I-IV_Cerebellum,1,181
2,2_Cblm-V_Cerebellum,1,182
3,3_Cblm-VI_Cerebellum,1,183
4,4_Cblm-Vermis-VI_Cerebellum,1,184
5,5_Cblm-CrusI_Cerebellum,1,185
6,6_Cblm-Vermis-CrusI_Cerebellum,1,186
7,7_Cblm-CrusII_Cerebellum,1,187
8,8_Cblm-Vermis-CrusII_Cerebellum,1,188
9,9_Cblm-VIIb_Cerebellum,1,189
11,11_Cblm-VIIIa_Cerebellum,1,190
12,12_Cblm-Vermis-VIIIa_Cerebellum,1,191
13,13_Cblm-VIIIb_Cerebellum,1,192
14,14_Cblm-Vermis-VIIIb_Cerebellum,1,193
15,15_Cblm-IX_Cerebellum,1,194
16,16_Cblm-Vermis-IX_Cerebellum,1,195
17,17_Cblm-X_Cerebellum,1,196
18,18_Cblm-Vermis-X_Cerebellum,1,197
19,19_Cblm-Dentate_Cerebellum,1,198
20,20_Cblm-Interposed_Cerebellum,1,199
28,156_MDpc_Thalamus-Morel,2,200
34,162_CL_Thalamus-Morel,2,201
38,166_VApc_Thalamus-Morel,2,202
40,168_VLpd_Thalamus-Morel,2,203
43,171_VLpv_Thalamus-Morel,2,204
45,173_VLa_Thalamus-Morel,2,205
47,175_PuM_Thalamus-Morel,2,206
50,178_LP_Thalamus-Morel,2,207
51,179_VPLp_Thalamus-Morel,2,208
54,182_PuL_Thalamus-Morel,2,209
101,5001_Pu-Putamen,4,210
102,5002_Ca-Caudate,4,211
103,5003_NAC-Nucleus,4,212
105,5005_GPe-Globus,4,213
106,5006_GPi-Globus,4,214
108,5008_RN-Red,4,215
109,5009_SNr-Substantia,4,216
114,5014_HTH-Hypothalamus,4,217
117,amygdala_CM_04,5,218
118,amygdala_LB_04,5,219
119,amygdala_SF_04,5,220
